column,dtype,rows,non_null_count,missing_count,missing_percent,unique_count,sample_values
objectid,int64,13663,13663,0,0.0,13663,2141 | 2145 | 2147 | 2148 | 2149
fd1r08p1,str,13663,13663,0,0.0,14,05 | 01 | 03 | 11 | 02
rta_date,int64,13663,13663,0,0.0,4447,1362506400000 | 1362852000000 | 1362679200000 | 1363024800000 | 1363456800000
fd1id,str,13663,13663,0,0.0,13663,7100903QK0XO39F0002833115 | 7100903QK0ZBV860002833264 | 7100903QK10TPP90002833429 | 7100903QK123CJC0002833566 | 7100903QK138P250002833680
yr,int64,13663,13663,0,0.0,16,2013 | 2012 | 2011 | 2014 | 2015
period,int64,13663,13663,0,0.0,12,3 | 2 | 1 | 4 | 9
area_code,str,13663,13663,0,0.0,6,1971 | 1911 | 1955 | 1963 | 1935
fd1r05p1,str,13663,13663,0,0.0,1371,17:00 | 19:40 | 14:35 | 01:40 | 11:41
fd1r01p1,int64,13663,13663,0,0.0,13663,13710103601913 | 13710103601895 | 13710103602031 | 13710103601962 | 13710103602029
fd1r07p2,str,13663,13540,123,0.9,3,день | ночь | сумерки
fd1r07p3,str,13663,4419,9244,67.657,3,включено | не включено | отсутствует
fd1r07p4,str,13663,8758,4905,35.9,12,15 | 17 | 16 | 14 | 11
fd1r071p1_id,str,13663,13658,5,0.037,26,"01 | 19 | 03 | 18 | 01,13"
fd1r071p1,str,13663,13658,5,0.037,26,"скользкое покрытие | отсутствуют | коллейность | иные условия | скользкое покрытие,недостаточное освещение проезжей части"
fd1r09p1,str,13663,11603,2060,15.077,105,"выезд на полосу встречного движения | переход пешехода через проезжую часть в неустановленном месте | иные нарушения водителями, велосипедистами, возчиками | несоблюдение очередности проезда нарушение правил проезда перекрестков | маневрирования"
fd1r14p1,str,13663,13658,5,0.037,53,"скрывшийся с места ДТП | пешеход | имеющий водительские права, соответсвующей категории ТС | не имеющий водительских прав | лишенный водительских прав"
fd1r141p1_id,str,13663,12876,787,5.76,5,1 | 2 | 3 | 5 | 6
fd1r141p1,str,13663,12876,787,5.76,5,трезвый | алкогольное опьянение | наркотическое опьянение | резкое ухудшение здоровья | время непрерывного нахождения в пути
fd1r13p1,float64,13663,13121,542,3.967,17,1.0 | 2.0 | 3.0 | 8.0 | 5.0
fd1r13p2,float64,13663,697,12966,94.899,5,1.0 | 2.0 | 4.0 | 3.0 | 5.0
fd1r06p1,str,13663,13663,0,0.0,7,"в населенном пункте | международного, республиканского значения | на дороге | областного, районного значения | республиканского значения"
fd1r06p2,str,13663,13653,10,0.073,17,197111 | 197113 | 197115 | 197110 | 191166
fd1r06p3,str,13663,11048,2615,19.139,227,АСТАНА | П.НОВОИШИМКА | КАРАОТКЕЛЬ | П.КОСШЫ | КОСШЫ
vehicle_category,str,13663,8074,5589,40.906,49,"B | D | C | B,C | D,T"
is_public_transport,int64,13663,13663,0,0.0,2,0 | 1
fd1r041p1,float64,13663,11672,1991,14.572,7,1.0 | 5.0 | 3.0 | 6.0 | 2.0
fd1r072p1,str,13663,13203,460,3.367,5,ясно | снег | пасмурно | дождь | туман
fd1r073p1,float64,13663,9937,3726,27.271,11,2.0 | 4.0 | 3.0 | 1.0 | 6.0
fd1r074p1,float64,13663,10874,2789,20.413,19,60.0 | 90.0 | 100.0 | 6.0 | 70.0
fd1r10p1,float64,13663,13662,1,0.007,9,1.0 | 3.0 | 2.0 | 4.0 | 6.0
fd1r142p6,float64,13663,10040,3623,26.517,2,2.0 | 1.0
fd1r17,str,13663,5815,7848,57.44,69,ст.620 ч.1 | ст.345 ч.1 | ст.608 ч.3 | ст.345 ч.3 | ст.610 ч.1
type_dtp,float64,13663,5815,7848,57.44,2,1.0 | 2.0
fd1r17_descrip,str,13663,5815,7848,57.44,39,"Нарушение иных требований, предъявляемых к участникам дорожного движения | Нарушение правил дорожного движения или эксплуатации транспортных средств лицами, управляющими транс | Управление транспортным средством водителем, находящимся в состоянии алкогольного, наркотического и (или) токсикоманического опьянения, а равно передача управления транспортным средством лицу, находящемуся в состоянии алкогольного, наркотического и (или) токсикоманического опьянения | Нарушение водителями транспортных средств установленных правил обеспечения безопасности дорожного движения, повлекшее причинение вреда здоровью людей, повреждение транспортных средств или иного имущества | Нарушение правил движения пешеходами и иными участниками дорожного движения"
load_date,int64,13663,13663,0,0.0,661,1653847200000 | 1653933600000 | 1654020000000 | 1654970400000 | 1663178400000
fd1r07p1,str,13663,13309,354,2.591,24,"заснеженная | обледеневшая | мокрая | сухая | заснеженная,обледеневшая"
fd1r061p0,str,13663,106,13557,99.224,11,042 | 044 | 002 | 043 | 006
fd1r061p1,str,13663,167,13496,98.778,29,"КАБАНБАЙ БАТЫР-Р.КОШКАРБА | КАБАНБАЙ-БАТЫР-Р.КОШКАРБА | Астана - Ерейментау - Шидерты | граница с Россией (на Екатеринбург) - Алматы (через Костанай, Астана, Караганда) | Астана - Кабанбай батыра - Энтузиаст - Киевка - Темиртау"
fd1r061p2,float64,13663,167,13496,98.778,65,1.0 | 18.0 | 23.0 | 1288.0 | 1296.0
globalid,str,13663,13663,0,0.0,13663,fd656fc5-716d-4e4b-ab3c-c7f0b6066f03 | aba2f8c4-c4b0-4eb6-8119-ea1cda3de9f5 | cedb3600-4c3d-45fb-a9e5-b75b3b0e5740 | dee97450-f953-4353-8661-e47768ad652c | 2ea53fe0-02c2-4f70-8713-e87de21cc3c8
x,float64,13663,13663,0,0.0,13597,7955246.6435025325 | 7949484.964171579 | 7952453.767256532 | 7951226.563323136 | 7959221.603554233
y,float64,13663,13663,0,0.0,13597,6650838.02987377 | 6652307.718656123 | 6651966.029426887 | 6650846.708816081 | 6647807.356586277
geometry,object,13663,13663,0,0.0,13597,b'\x01\x01\x00\x00\x00?%/\xa9\xcbX^A\xacs\xe9\x81\xf5^YA' | b'\x01\x01\x00\x00\x00\xb6\xfc\xb4=+S^A@v\xfe\xedd`YA' | b'\x01\x01\x00\x00\x00$\xbb\x1aq\x11V^AO!\xe2\x81\x0f`YA' | b'\x01\x01\x00\x00\x00||\r\xa4\xdeT^A >]\xad\xf7^YA' | b'\x01\x01\x00\x00\x00\xef\xa1\xa0f\xad\\^A?O\xd2\xd6\xff[YA'
